-- SQL Migration Script for Crossover Partners and Orders
BEGIN;

INSERT INTO public.parceiros_parceiros (id, company_id, name, trade_name, nickname, type, partner_type_id, active, created_at, updated_at) VALUES ('16131d87-a87e-4c0f-92af-f59ecfa8b9c9', '5834ff22-a8ce-4c1c-852e-d5522e6f0736', 'Sabormill', NULL, 'Sabormill', 'PJ', '5', true, now(), now());
INSERT INTO public.parceiros_parceiros (id, company_id, name, trade_name, nickname, type, partner_type_id, active, created_at, updated_at) VALUES ('94daaec7-2e4d-455a-b658-8c204289141b', '5834ff22-a8ce-4c1c-852e-d5522e6f0736', 'Santa Cruz - RN', NULL, 'Santa Cruz - RN', 'PJ', '5', true, now(), now());
INSERT INTO public.parceiros_parceiros (id, company_id, name, trade_name, nickname, type, partner_type_id, active, created_at, updated_at) VALUES ('a9037ddc-8e93-4659-98bf-de6825dab138', '5834ff22-a8ce-4c1c-852e-d5522e6f0736', 'Cardoso Aquidabã', NULL, 'Cardoso Aquidabã', 'PJ', '1', true, now(), now());
INSERT INTO public.parceiros_parceiros (id, company_id, name, trade_name, nickname, type, partner_type_id, active, created_at, updated_at) VALUES ('0e00c008-0692-4821-9b3b-a330d8c93f73', '5834ff22-a8ce-4c1c-852e-d5522e6f0736', 'Elizabete', NULL, 'Elizabete', 'PF', '1', true, now(), now());
INSERT INTO public.parceiros_parceiros (id, company_id, name, trade_name, nickname, type, partner_type_id, active, created_at, updated_at) VALUES ('3b42bd56-a4de-43f1-aa2d-55c68ef1e802', '5834ff22-a8ce-4c1c-852e-d5522e6f0736', 'Francisco Benjamin', NULL, 'Francisco Benjamin', 'PF', '1', true, now(), now());
INSERT INTO public.parceiros_parceiros (id, company_id, name, trade_name, nickname, type, partner_type_id, active, created_at, updated_at) VALUES ('44b3a118-c636-42ee-b3c5-05319733e262', '5834ff22-a8ce-4c1c-852e-d5522e6f0736', 'Gabriel Balsas/Irineu', NULL, 'Gabriel Balsas/Irineu', 'PJ', '1', true, now(), now());
INSERT INTO public.parceiros_parceiros (id, company_id, name, trade_name, nickname, type, partner_type_id, active, created_at, updated_at) VALUES ('58bb0054-959d-4696-b545-0c6917262113', '5834ff22-a8ce-4c1c-852e-d5522e6f0736', 'Irineu/Suporte', NULL, 'Irineu/Suporte', 'PJ', '1', true, now(), now());
INSERT INTO public.parceiros_parceiros (id, company_id, name, trade_name, nickname, type, partner_type_id, active, created_at, updated_at) VALUES ('4e46c1c3-e8a8-4abe-bc75-cc755d46d3e9', '5834ff22-a8ce-4c1c-852e-d5522e6f0736', 'Izau PDF', NULL, 'Izau PDF', 'PJ', '1', true, now(), now());
INSERT INTO public.parceiros_parceiros (id, company_id, name, trade_name, nickname, type, partner_type_id, active, created_at, updated_at) VALUES ('255a79d1-289b-4af0-b59e-2371402556d2', '5834ff22-a8ce-4c1c-852e-d5522e6f0736', 'Mateus Pereira', NULL, 'Mateus Pereira', 'PF', '1', true, now(), now());
INSERT INTO public.parceiros_parceiros (id, company_id, name, trade_name, nickname, type, partner_type_id, active, created_at, updated_at) VALUES ('ddc2e5b7-12c5-48cd-afa4-c976ab2d6bba', '5834ff22-a8ce-4c1c-852e-d5522e6f0736', 'Ramon', NULL, 'Ramon', 'PF', '1', true, now(), now());
INSERT INTO public.parceiros_parceiros (id, company_id, name, trade_name, nickname, type, partner_type_id, active, created_at, updated_at) VALUES ('19e399d1-957a-4aea-ac7c-178473fd93a1', '5834ff22-a8ce-4c1c-852e-d5522e6f0736', 'Rodrigo Orlando', NULL, 'Rodrigo Orlando', 'PJ', '1', true, now(), now());
INSERT INTO public.parceiros_parceiros (id, company_id, name, trade_name, nickname, type, partner_type_id, active, created_at, updated_at) VALUES ('6777d4cf-a888-4940-8f6e-031f3fd1b53c', '5834ff22-a8ce-4c1c-852e-d5522e6f0736', 'Ronaldo Silva', NULL, 'Ronaldo Silva', 'PF', '4', true, now(), now());

INSERT INTO public.ops_sales_orders (id, company_id, legacy_id, number, order_date, status, customer_id, customer_name, total_value, received_value, paid_value, balance_value, metadata, raw_payload, created_at, updated_at, consultant_name, quantity, unit_price) VALUES ('18f41bab-c42e-44a2-9682-89c23c0c008d', '5834ff22-a8ce-4c1c-852e-d5522e6f0736', '00000000-0000-0000-0000-00003af0ddbe', 'P0126NEW80198', '2026-01-15', 'approved', '3c2f544d-3617-4620-9ace-57189dd72e6b', 'Guaraves', 800000.0, 0, 0, 800000.0, '{"unitPrice": 80.0, "quantity": 10000.0, "totalValue": 800000.0, "notes": ""}'::jsonb, '{"unitPrice": 80.0, "quantity": 10000.0, "totalValue": 800000.0, "notes": ""}'::jsonb, now(), now(), 'Newton Porto', 10000.0, 80.0);
INSERT INTO public.ops_sales_orders (id, company_id, legacy_id, number, order_date, status, customer_id, customer_name, total_value, received_value, paid_value, balance_value, metadata, raw_payload, created_at, updated_at, consultant_name, quantity, unit_price) VALUES ('bb22cc7e-8b41-42c7-bba4-40c78388d6d6', '5834ff22-a8ce-4c1c-852e-d5522e6f0736', '00000000-0000-0000-0000-000049ffed64', 'P0126NEW80200', '2026-01-16', 'approved', '2f647ca6-be82-4770-b981-31df3ea1271b', 'São Braz S/A Industria E Comercio De Alimentos', 1600000.0, 0, 0, 1600000.0, '{"unitPrice": 80.0, "quantity": 20000.0, "totalValue": 1600000.0, "notes": ""}'::jsonb, '{"unitPrice": 80.0, "quantity": 20000.0, "totalValue": 1600000.0, "notes": ""}'::jsonb, now(), now(), 'Newton Porto', 20000.0, 80.0);
INSERT INTO public.ops_sales_orders (id, company_id, legacy_id, number, order_date, status, customer_id, customer_name, total_value, received_value, paid_value, balance_value, metadata, raw_payload, created_at, updated_at, consultant_name, quantity, unit_price) VALUES ('eae853a3-2f81-43dd-866f-7f131a6b9faf', '5834ff22-a8ce-4c1c-852e-d5522e6f0736', '00000000-0000-0000-0000-0000285a5eee', 'P0126NEW65211', '2026-01-27', 'pending', '95d1d362-36b9-5566-bd2b-9ea9ade3de95', 'Bezerros', 65500.0, 0, 0, 65500.0, '{"unitPrice": 65.5, "quantity": 1000.0, "totalValue": 65500.0, "notes": ""}'::jsonb, '{"unitPrice": 65.5, "quantity": 1000.0, "totalValue": 65500.0, "notes": ""}'::jsonb, now(), now(), 'Newton Porto', 1000.0, 65.5);
INSERT INTO public.ops_sales_orders (id, company_id, legacy_id, number, order_date, status, customer_id, customer_name, total_value, received_value, paid_value, balance_value, metadata, raw_payload, created_at, updated_at, consultant_name, quantity, unit_price) VALUES ('ea839398-e79d-45b0-ab57-546de969cfe0', '5834ff22-a8ce-4c1c-852e-d5522e6f0736', '00000000-0000-0000-0000-00005b858b24', 'P0126NEW82207', '2026-01-23', 'approved', '94daaec7-2e4d-455a-b658-8c204289141b', 'Santa Cruz - RN', 82000.0, 0, 0, 82000.0, '{"unitPrice": 82.0, "quantity": 1000.0, "totalValue": 82000.0, "notes": ""}'::jsonb, '{"unitPrice": 82.0, "quantity": 1000.0, "totalValue": 82000.0, "notes": ""}'::jsonb, now(), now(), 'Newton Porto', 1000.0, 82.0);
INSERT INTO public.ops_sales_orders (id, company_id, legacy_id, number, order_date, status, customer_id, customer_name, total_value, received_value, paid_value, balance_value, metadata, raw_payload, created_at, updated_at, consultant_name, quantity, unit_price) VALUES ('f4376ca2-fc51-4563-9002-ff503887a7ed', '5834ff22-a8ce-4c1c-852e-d5522e6f0736', '00000000-0000-0000-0000-000008a64294', 'P1125RON76167', '2025-11-10', 'approved', '9309f133-bf59-41c3-83e6-21f50efa23cc', 'Clodoaldo Corretor', 76500.0, 0, 0, 76500.0, '{"unitPrice": 76.5, "quantity": 1000.0, "totalValue": 76500.0, "notes": ""}'::jsonb, '{"unitPrice": 76.5, "quantity": 1000.0, "totalValue": 76500.0, "notes": ""}'::jsonb, now(), now(), 'Ronaldo Silva', 1000.0, 76.5);
INSERT INTO public.ops_sales_orders (id, company_id, legacy_id, number, order_date, status, customer_id, customer_name, total_value, received_value, paid_value, balance_value, metadata, raw_payload, created_at, updated_at, consultant_name, quantity, unit_price) VALUES ('cf421684-34bc-4f67-a55d-116cfdb80be9', '5834ff22-a8ce-4c1c-852e-d5522e6f0736', '00000000-0000-0000-0000-000077f1df9c', 'P0126NEW77210', '2026-01-26', 'approved', '9d24a374-5761-4238-b9b4-c029c8d630bc', 'São Braz Bahia', 770000.0, 0, 0, 770000.0, '{"unitPrice": 77.0, "quantity": 10000.0, "totalValue": 770000.0, "notes": ""}'::jsonb, '{"unitPrice": 77.0, "quantity": 10000.0, "totalValue": 770000.0, "notes": ""}'::jsonb, now(), now(), 'Newton Porto', 10000.0, 77.0);
INSERT INTO public.ops_sales_orders (id, company_id, legacy_id, number, order_date, status, customer_id, customer_name, total_value, received_value, paid_value, balance_value, metadata, raw_payload, created_at, updated_at, consultant_name, quantity, unit_price) VALUES ('5e4d1a70-277c-449c-9ccd-d93f10d0d1c0', '5834ff22-a8ce-4c1c-852e-d5522e6f0736', '00000000-0000-0000-0000-000079fb258f', 'P0126RON81206', '2026-01-22', 'approved', 'abdaf583-4ead-451c-a8cf-39c8c6ffa49a', 'Ana Maria Laroche', 81000.0, 0, 0, 81000.0, '{"unitPrice": 81.0, "quantity": 1000.0, "totalValue": 81000.0, "notes": ""}'::jsonb, '{"unitPrice": 81.0, "quantity": 1000.0, "totalValue": 81000.0, "notes": ""}'::jsonb, now(), now(), 'Ronaldo Silva', 1000.0, 81.0);
INSERT INTO public.ops_sales_orders (id, company_id, legacy_id, number, order_date, status, customer_id, customer_name, total_value, received_value, paid_value, balance_value, metadata, raw_payload, created_at, updated_at, consultant_name, quantity, unit_price) VALUES ('d47e05d4-75af-4b19-95a5-9dd3896b1ed6', '5834ff22-a8ce-4c1c-852e-d5522e6f0736', '00000000-0000-0000-0000-0000f4e20795', 'P0126NEW82192', '2026-01-06', 'approved', 'd909c815-7acf-4942-a766-0f8e145e0a0e', 'Ilario Campina Grande', 82000.0, 0, 0, 82000.0, '{"unitPrice": 82.0, "quantity": 1000.0, "totalValue": 82000.0, "notes": ""}'::jsonb, '{"unitPrice": 82.0, "quantity": 1000.0, "totalValue": 82000.0, "notes": ""}'::jsonb, now(), now(), 'Newton Porto', 1000.0, 82.0);
INSERT INTO public.ops_sales_orders (id, company_id, legacy_id, number, order_date, status, customer_id, customer_name, total_value, received_value, paid_value, balance_value, metadata, raw_payload, created_at, updated_at, consultant_name, quantity, unit_price) VALUES ('4b8fca0e-98ad-40ac-8c46-ecc77f0cb4fd', '5834ff22-a8ce-4c1c-852e-d5522e6f0736', '00000000-0000-0000-0000-0000e9137834', 'P0525NEW93100', '2025-05-05', 'approved', 'd5e139a3-c0e8-5a2f-8dba-99aaf3dbd9b1', 'Thiago Garanhuns', 93000.0, 0, 0, 93000.0, '{"unitPrice": 93.0, "quantity": 1000.0, "totalValue": 93000.0, "notes": ""}'::jsonb, '{"unitPrice": 93.0, "quantity": 1000.0, "totalValue": 93000.0, "notes": ""}'::jsonb, now(), now(), 'Newton Porto', 1000.0, 93.0);
INSERT INTO public.ops_sales_orders (id, company_id, legacy_id, number, order_date, status, customer_id, customer_name, total_value, received_value, paid_value, balance_value, metadata, raw_payload, created_at, updated_at, consultant_name, quantity, unit_price) VALUES ('64cb79e8-ad00-47df-a813-8e7a2a167511', '5834ff22-a8ce-4c1c-852e-d5522e6f0736', '00000000-0000-0000-0000-0000273aec78', 'P0126RON80205', '2026-01-20', 'approved', '37942c07-ef87-41ae-a6a5-721471445a97', 'Ovos Sao Tome', 80500.0, 0, 0, 80500.0, '{"unitPrice": 80.5, "quantity": 1000.0, "totalValue": 80500.0, "notes": ""}'::jsonb, '{"unitPrice": 80.5, "quantity": 1000.0, "totalValue": 80500.0, "notes": ""}'::jsonb, now(), now(), 'Ronaldo Silva', 1000.0, 80.5);
INSERT INTO public.ops_sales_orders (id, company_id, legacy_id, number, order_date, status, customer_id, customer_name, total_value, received_value, paid_value, balance_value, metadata, raw_payload, created_at, updated_at, consultant_name, quantity, unit_price) VALUES ('bbe8520f-bad7-4ea4-aa6d-f9d215caa378', '5834ff22-a8ce-4c1c-852e-d5522e6f0736', '00000000-0000-0000-0000-00001cdcdf9c', 'P0126RON76209', '2026-01-26', 'approved', '16131d87-a87e-4c0f-92af-f59ecfa8b9c9', 'Sabormill', 76500.0, 0, 0, 76500.0, '{"unitPrice": 76.5, "quantity": 1000.0, "totalValue": 76500.0, "notes": ""}'::jsonb, '{"unitPrice": 76.5, "quantity": 1000.0, "totalValue": 76500.0, "notes": ""}'::jsonb, now(), now(), 'Ronaldo Silva', 1000.0, 76.5);
INSERT INTO public.ops_sales_orders (id, company_id, legacy_id, number, order_date, status, customer_id, customer_name, total_value, received_value, paid_value, balance_value, metadata, raw_payload, created_at, updated_at, consultant_name, quantity, unit_price) VALUES ('a8b9b628-3268-4d95-988b-e9f58acfa501', '5834ff22-a8ce-4c1c-852e-d5522e6f0736', '00000000-0000-0000-0000-0000558ff8b2', 'P0126NEW63204', '2026-01-20', 'approved', '898ef249-cf33-473c-abf2-6bffa4057ca4', 'Rildo Roque Ferraz', 63000.0, 0, 0, 63000.0, '{"unitPrice": 63.0, "quantity": 1000.0, "totalValue": 63000.0, "notes": ""}'::jsonb, '{"unitPrice": 63.0, "quantity": 1000.0, "totalValue": 63000.0, "notes": ""}'::jsonb, now(), now(), 'Newton Porto', 1000.0, 63.0);
INSERT INTO public.ops_sales_orders (id, company_id, legacy_id, number, order_date, status, customer_id, customer_name, total_value, received_value, paid_value, balance_value, metadata, raw_payload, created_at, updated_at, consultant_name, quantity, unit_price) VALUES ('c25cd85b-aa02-43c0-95ba-1407152592b5', '5834ff22-a8ce-4c1c-852e-d5522e6f0736', '00000000-0000-0000-0000-0000036d0a92', 'P0126NEW77203', '2026-01-19', 'approved', '6703b5c9-22c2-412e-98a0-95302c01e4a9', 'Nutrane', 385000.0, 0, 0, 385000.0, '{"unitPrice": 77.0, "quantity": 5000.0, "totalValue": 385000.0, "notes": ""}'::jsonb, '{"unitPrice": 77.0, "quantity": 5000.0, "totalValue": 385000.0, "notes": ""}'::jsonb, now(), now(), 'Newton Porto', 5000.0, 77.0);
INSERT INTO public.ops_sales_orders (id, company_id, legacy_id, number, order_date, status, customer_id, customer_name, total_value, received_value, paid_value, balance_value, metadata, raw_payload, created_at, updated_at, consultant_name, quantity, unit_price) VALUES ('28f1a411-aa99-45eb-a367-6d529b83f27f', '5834ff22-a8ce-4c1c-852e-d5522e6f0736', '00000000-0000-0000-0000-000086da09ca', 'P1125NEW80173', '2025-11-18', 'approved', 'e9b13d2e-4377-567a-85ee-d42913ba13ee', 'Michael Campina Grande', 80000.0, 0, 0, 80000.0, '{"unitPrice": 80.0, "quantity": 1000.0, "totalValue": 80000.0, "notes": ""}'::jsonb, '{"unitPrice": 80.0, "quantity": 1000.0, "totalValue": 80000.0, "notes": ""}'::jsonb, now(), now(), 'Newton Porto', 1000.0, 80.0);
INSERT INTO public.ops_sales_orders (id, company_id, legacy_id, number, order_date, status, customer_id, customer_name, total_value, received_value, paid_value, balance_value, metadata, raw_payload, created_at, updated_at, consultant_name, quantity, unit_price) VALUES ('eb6a2fe2-2a3d-4e58-b876-657470427ba7', '5834ff22-a8ce-4c1c-852e-d5522e6f0736', '00000000-0000-0000-0000-0000c73ad46d', 'P0925RON82143', '2025-09-01', 'approved', '34532f0c-8557-5a7f-aafd-d36c2cf6cb70', 'Sr. Pedro Vitoria', 82000.0, 0, 0, 82000.0, '{"unitPrice": 82.0, "quantity": 1000.0, "totalValue": 82000.0, "notes": ""}'::jsonb, '{"unitPrice": 82.0, "quantity": 1000.0, "totalValue": 82000.0, "notes": ""}'::jsonb, now(), now(), 'Ronaldo Silva', 1000.0, 82.0);
INSERT INTO public.ops_sales_orders (id, company_id, legacy_id, number, order_date, status, customer_id, customer_name, total_value, received_value, paid_value, balance_value, metadata, raw_payload, created_at, updated_at, consultant_name, quantity, unit_price) VALUES ('09592fd6-94b5-44e0-867c-049c7d5517ed', '5834ff22-a8ce-4c1c-852e-d5522e6f0736', '00000000-0000-0000-0000-0000defca400', 'P1025NEW79155', '2025-10-13', 'approved', 'bb177034-e7a3-4ffb-ae9a-a1d8ddff956e', 'Granja Farias Macaiba', 79000.0, 0, 0, 79000.0, '{"unitPrice": 79.0, "quantity": 1000.0, "totalValue": 79000.0, "notes": ""}'::jsonb, '{"unitPrice": 79.0, "quantity": 1000.0, "totalValue": 79000.0, "notes": ""}'::jsonb, now(), now(), 'Newton Porto', 1000.0, 79.0);
INSERT INTO public.ops_sales_orders (id, company_id, legacy_id, number, order_date, status, customer_id, customer_name, total_value, received_value, paid_value, balance_value, metadata, raw_payload, created_at, updated_at, consultant_name, quantity, unit_price) VALUES ('69271958-e743-451d-9da2-9f11f4381455', '5834ff22-a8ce-4c1c-852e-d5522e6f0736', '00000000-0000-0000-0000-0000dfbabd43', 'P0126NEW84195', '2026-01-09', 'pending', '332f9f38-15cf-4bb9-b2e0-53d710f9a534', 'Diego Atacadao Racao', 84000.0, 0, 0, 84000.0, '{"unitPrice": 84.0, "quantity": 1000.0, "totalValue": 84000.0, "notes": ""}'::jsonb, '{"unitPrice": 84.0, "quantity": 1000.0, "totalValue": 84000.0, "notes": ""}'::jsonb, now(), now(), 'Newton Porto', 1000.0, 84.0);
INSERT INTO public.ops_sales_orders (id, company_id, legacy_id, number, order_date, status, customer_id, customer_name, total_value, received_value, paid_value, balance_value, metadata, raw_payload, created_at, updated_at, consultant_name, quantity, unit_price) VALUES ('4bececfb-c6a5-4ce3-808c-7c841fe6e9c6', '5834ff22-a8ce-4c1c-852e-d5522e6f0736', '00000000-0000-0000-0000-0000a7deea90', 'P0725NEW76128', '2025-07-14', 'approved', 'c54704ec-f808-5d7f-88ca-6c60f10eaf2b', 'Granja Canaa', 76000.0, 0, 0, 76000.0, '{"unitPrice": 76.0, "quantity": 1000.0, "totalValue": 76000.0, "notes": ""}'::jsonb, '{"unitPrice": 76.0, "quantity": 1000.0, "totalValue": 76000.0, "notes": ""}'::jsonb, now(), now(), 'Newton Porto', 1000.0, 76.0);
INSERT INTO public.ops_sales_orders (id, company_id, legacy_id, number, order_date, status, customer_id, customer_name, total_value, received_value, paid_value, balance_value, metadata, raw_payload, created_at, updated_at, consultant_name, quantity, unit_price) VALUES ('9ae94385-6180-4e81-b265-70529d24c06d', '5834ff22-a8ce-4c1c-852e-d5522e6f0736', '00000000-0000-0000-0000-0000893d3f09', 'P0126NEW83201', '2026-01-16', 'pending', '28e16c55-4092-4392-8cca-d21be361a73c', 'André Macaíbas', 83000.0, 0, 0, 83000.0, '{"unitPrice": 83.0, "quantity": 1000.0, "totalValue": 83000.0, "notes": ""}'::jsonb, '{"unitPrice": 83.0, "quantity": 1000.0, "totalValue": 83000.0, "notes": ""}'::jsonb, now(), now(), 'Newton Porto', 1000.0, 83.0);
INSERT INTO public.ops_sales_orders (id, company_id, legacy_id, number, order_date, status, customer_id, customer_name, total_value, received_value, paid_value, balance_value, metadata, raw_payload, created_at, updated_at, consultant_name, quantity, unit_price) VALUES ('98daffee-f0ee-4431-8d7d-8b28a7c546ac', '5834ff22-a8ce-4c1c-852e-d5522e6f0736', '00000000-0000-0000-0000-000047347f69', 'P0126RON81198', '2026-01-13', 'pending', '2ccc8e20-3e88-421c-af3e-f0ad567ff781', 'Pedro Falcão', 81000.0, 0, 0, 81000.0, '{"unitPrice": 81.0, "quantity": 1000.0, "totalValue": 81000.0, "notes": ""}'::jsonb, '{"unitPrice": 81.0, "quantity": 1000.0, "totalValue": 81000.0, "notes": ""}'::jsonb, now(), now(), 'Ronaldo Silva', 1000.0, 81.0);
INSERT INTO public.ops_sales_orders (id, company_id, legacy_id, number, order_date, status, customer_id, customer_name, total_value, received_value, paid_value, balance_value, metadata, raw_payload, created_at, updated_at, consultant_name, quantity, unit_price) VALUES ('79984319-173c-4563-9963-2bf720746476', '5834ff22-a8ce-4c1c-852e-d5522e6f0736', '00000000-0000-0000-0000-0000d1f3bb2b', 'P0126NEW77202', '2026-01-19', 'approved', '09db228e-f28f-4ef6-bf92-edc66c13fe38', 'Granja Cajueiro', 77000.0, 0, 0, 77000.0, '{"unitPrice": 77.0, "quantity": 1000.0, "totalValue": 77000.0, "notes": ""}'::jsonb, '{"unitPrice": 77.0, "quantity": 1000.0, "totalValue": 77000.0, "notes": ""}'::jsonb, now(), now(), 'Newton Porto', 1000.0, 77.0);
INSERT INTO public.ops_sales_orders (id, company_id, legacy_id, number, order_date, status, customer_id, customer_name, total_value, received_value, paid_value, balance_value, metadata, raw_payload, created_at, updated_at, consultant_name, quantity, unit_price) VALUES ('d5f0007e-4051-425b-b696-071cfae675e1', '5834ff22-a8ce-4c1c-852e-d5522e6f0736', '00000000-0000-0000-0000-000002b5268f', 'P0625NEW79120', '2025-06-22', 'approved', 'fa57017d-296b-50c9-a7cb-460afec4cd87', 'Frango da Roça', 79000.0, 0, 0, 79000.0, '{"unitPrice": 79.0, "quantity": 1000.0, "totalValue": 79000.0, "notes": ""}'::jsonb, '{"unitPrice": 79.0, "quantity": 1000.0, "totalValue": 79000.0, "notes": ""}'::jsonb, now(), now(), 'Newton Porto', 1000.0, 79.0);
INSERT INTO public.ops_sales_orders (id, company_id, legacy_id, number, order_date, status, customer_id, customer_name, total_value, received_value, paid_value, balance_value, metadata, raw_payload, created_at, updated_at, consultant_name, quantity, unit_price) VALUES ('4888bfcf-440f-40d1-8d5f-47493ca20fbf', '5834ff22-a8ce-4c1c-852e-d5522e6f0736', '00000000-0000-0000-0000-0000944d5d55', 'P0126NEW76193', '2026-01-07', 'approved', 'b89c22a7-ecd7-43f7-8db8-3727a4f7d733', 'Frei Damião', 76000.0, 0, 0, 76000.0, '{"unitPrice": 76.0, "quantity": 1000.0, "totalValue": 76000.0, "notes": ""}'::jsonb, '{"unitPrice": 76.0, "quantity": 1000.0, "totalValue": 76000.0, "notes": ""}'::jsonb, now(), now(), 'Newton Porto', 1000.0, 76.0);

INSERT INTO public.ops_purchase_orders (id, company_id, legacy_id, number, order_date, status, partner_id, partner_name, total_value, paid_value, balance_value, metadata, raw_payload, created_at, updated_at) VALUES ('97ec7220-d7d9-43a1-86cf-752efaf22a42', '5834ff22-a8ce-4c1c-852e-d5522e6f0736', '00000000-0000-0000-0000-0000d1145f1d', '26112512720.0', '2025-11-26', 'approved', '19e399d1-957a-4aea-ac7c-178473fd93a1', 'Rodrigo Orlando', 57777.56, 0, 57777.56, '{"totalValue": 57777.56, "notes": ""}'::jsonb, '{"totalValue": 57777.56, "notes": ""}'::jsonb, now(), now());
INSERT INTO public.ops_purchase_orders (id, company_id, legacy_id, number, order_date, status, partner_id, partner_name, total_value, paid_value, balance_value, metadata, raw_payload, created_at, updated_at) VALUES ('02fa2646-8866-4d81-8402-47d0985ce54a', '5834ff22-a8ce-4c1c-852e-d5522e6f0736', '00000000-0000-0000-0000-0000433bce9c', '17112511988.0', '2025-11-17', 'approved', '3b42bd56-a4de-43f1-aa2d-55c68ef1e802', 'Francisco Benjamin', 1008138.55, 0, 1008138.55, '{"totalValue": 1008138.55, "notes": ""}'::jsonb, '{"totalValue": 1008138.55, "notes": ""}'::jsonb, now(), now());
INSERT INTO public.ops_purchase_orders (id, company_id, legacy_id, number, order_date, status, partner_id, partner_name, total_value, paid_value, balance_value, metadata, raw_payload, created_at, updated_at) VALUES ('31c5716f-1fe4-4777-9822-bc8368366d53', '5834ff22-a8ce-4c1c-852e-d5522e6f0736', '00000000-0000-0000-0000-00005ab39789', '28012617314.0', '2026-01-27', 'approved', '4e46c1c3-e8a8-4abe-bc75-cc755d46d3e9', 'Izau PDF', 556908.1, 0, 556908.1, '{"totalValue": 556908.1, "notes": ""}'::jsonb, '{"totalValue": 556908.1, "notes": ""}'::jsonb, now(), now());
INSERT INTO public.ops_purchase_orders (id, company_id, legacy_id, number, order_date, status, partner_id, partner_name, total_value, paid_value, balance_value, metadata, raw_payload, created_at, updated_at) VALUES ('7ec7a60d-62a1-48a4-9570-4b32bce39631', '5834ff22-a8ce-4c1c-852e-d5522e6f0736', '00000000-0000-0000-0000-0000e8ce529d', '27012617262.0', '2026-01-26', 'approved', '3b42bd56-a4de-43f1-aa2d-55c68ef1e802', 'Francisco Benjamin', 500523.5, 0, 500523.5, '{"totalValue": 500523.5, "notes": ""}'::jsonb, '{"totalValue": 500523.5, "notes": ""}'::jsonb, now(), now());
INSERT INTO public.ops_purchase_orders (id, company_id, legacy_id, number, order_date, status, partner_id, partner_name, total_value, paid_value, balance_value, metadata, raw_payload, created_at, updated_at) VALUES ('1eb8843b-c287-47d0-86aa-8d5a95b650f9', '5834ff22-a8ce-4c1c-852e-d5522e6f0736', '00000000-0000-0000-0000-0000ede309b6', '19122515132.0', '2025-12-19', 'approved', '255a79d1-289b-4af0-b59e-2371402556d2', 'Mateus Pereira', 751819.88, 0, 751819.88, '{"totalValue": 751819.88, "notes": ""}'::jsonb, '{"totalValue": 751819.88, "notes": ""}'::jsonb, now(), now());
INSERT INTO public.ops_purchase_orders (id, company_id, legacy_id, number, order_date, status, partner_id, partner_name, total_value, paid_value, balance_value, metadata, raw_payload, created_at, updated_at) VALUES ('da72ed95-b410-49df-b511-b7b2dba0a8cd', '5834ff22-a8ce-4c1c-852e-d5522e6f0736', '00000000-0000-0000-0000-000072eea5ba', '27012617167.0', '2026-01-26', 'approved', 'd3ca6853-38b1-4aed-8b24-babfeca85914', 'Elquia', 621112.39, 0, 621112.39, '{"totalValue": 621112.39, "notes": ""}'::jsonb, '{"totalValue": 621112.39, "notes": ""}'::jsonb, now(), now());
INSERT INTO public.ops_purchase_orders (id, company_id, legacy_id, number, order_date, status, partner_id, partner_name, total_value, paid_value, balance_value, metadata, raw_payload, created_at, updated_at) VALUES ('a9a7fbf6-9491-4297-a6bd-8f528e5982ed', '5834ff22-a8ce-4c1c-852e-d5522e6f0736', '00000000-0000-0000-0000-000044895f19', '3006256539.0', '2025-06-30', 'approved', '58bb0054-959d-4696-b545-0c6917262113', 'Irineu/Suporte', 5752116.57, 0, 5752116.57, '{"totalValue": 5752116.57, "notes": ""}'::jsonb, '{"totalValue": 5752116.57, "notes": ""}'::jsonb, now(), now());
INSERT INTO public.ops_purchase_orders (id, company_id, legacy_id, number, order_date, status, partner_id, partner_name, total_value, paid_value, balance_value, metadata, raw_payload, created_at, updated_at) VALUES ('672f5630-5fd6-4929-94b5-a1265877cb07', '5834ff22-a8ce-4c1c-852e-d5522e6f0736', '00000000-0000-0000-0000-00006d97b0da', '26012616961.0', '2026-01-26', 'approved', 'a9037ddc-8e93-4659-98bf-de6825dab138', 'Cardoso Aquidabã', 541739.22, 0, 541739.22, '{"totalValue": 541739.22, "notes": ""}'::jsonb, '{"totalValue": 541739.22, "notes": ""}'::jsonb, now(), now());
INSERT INTO public.ops_purchase_orders (id, company_id, legacy_id, number, order_date, status, partner_id, partner_name, total_value, paid_value, balance_value, metadata, raw_payload, created_at, updated_at) VALUES ('018aaaee-d154-4dc1-943d-1354ed08c59a', '5834ff22-a8ce-4c1c-852e-d5522e6f0736', '00000000-0000-0000-0000-0000bac4eaba', '404255072.0', '2025-04-04', 'approved', '44b3a118-c636-42ee-b3c5-05319733e262', 'Gabriel Balsas/Irineu', 0.0, 0, 0.0, '{"totalValue": 0.0, "notes": ""}'::jsonb, '{"totalValue": 0.0, "notes": ""}'::jsonb, now(), now());
INSERT INTO public.ops_purchase_orders (id, company_id, legacy_id, number, order_date, status, partner_id, partner_name, total_value, paid_value, balance_value, metadata, raw_payload, created_at, updated_at) VALUES ('26b32260-894d-4f7b-b573-8dd0e89eaf1c', '5834ff22-a8ce-4c1c-852e-d5522e6f0736', '00000000-0000-0000-0000-0000fb765963', '15112511483.0', '2025-11-15', 'approved', 'b59fbeeb-aafc-4b80-9e8f-c861439f2c0c', 'Wendoly Masley', 385046.56, 0, 385046.56, '{"totalValue": 385046.56, "notes": ""}'::jsonb, '{"totalValue": 385046.56, "notes": ""}'::jsonb, now(), now());
INSERT INTO public.ops_purchase_orders (id, company_id, legacy_id, number, order_date, status, partner_id, partner_name, total_value, paid_value, balance_value, metadata, raw_payload, created_at, updated_at) VALUES ('23fef282-dd5f-4a8d-952b-e2d2a9ee5a86', '5834ff22-a8ce-4c1c-852e-d5522e6f0736', '00000000-0000-0000-0000-0000811d7cec', '2702253034.0', '2025-02-27', 'pending', '6261cf40-d5ef-5cea-89a3-94bd1fe96437', 'Ze Maia', 182994.74, 0, 182994.74, '{"totalValue": 182994.74, "notes": ""}'::jsonb, '{"totalValue": 182994.74, "notes": ""}'::jsonb, now(), now());
INSERT INTO public.ops_purchase_orders (id, company_id, legacy_id, number, order_date, status, partner_id, partner_name, total_value, paid_value, balance_value, metadata, raw_payload, created_at, updated_at) VALUES ('96e7fcfe-f2ad-4640-a60c-182a7f4fe5d9', '5834ff22-a8ce-4c1c-852e-d5522e6f0736', '00000000-0000-0000-0000-000018eb47f8', '2901261747.0', '2026-01-29', 'approved', 'ddc2e5b7-12c5-48cd-afa4-c976ab2d6bba', 'Ramon', 469879.32, 0, 469879.32, '{"totalValue": 469879.32, "notes": ""}'::jsonb, '{"totalValue": 469879.32, "notes": ""}'::jsonb, now(), now());
INSERT INTO public.ops_purchase_orders (id, company_id, legacy_id, number, order_date, status, partner_id, partner_name, total_value, paid_value, balance_value, metadata, raw_payload, created_at, updated_at) VALUES ('ff14dfa3-78d9-4d77-9d11-73e4677de154', '5834ff22-a8ce-4c1c-852e-d5522e6f0736', '00000000-0000-0000-0000-00009626dbb5', '10112511160.0', '2025-11-10', 'approved', '0e00c008-0692-4821-9b3b-a330d8c93f73', 'Elizabete', 531780.88, 0, 531780.88, '{"totalValue": 531780.88, "notes": ""}'::jsonb, '{"totalValue": 531780.88, "notes": ""}'::jsonb, now(), now());

COMMIT;